-- phpMyAdmin SQL Dump
-- version 3.4.3.1
-- http://www.phpmyadmin.net
--
-- 主機: sql203.xtreemhost.com
-- 產生日期: 2011 年 11 月 27 日 11:13
-- 伺服器版本: 5.5.16
-- PHP 版本: 5.3.5

SET SQL_MODE="NO_AUTO_VALUE_ON_ZERO";
SET time_zone = "+00:00";


/*!40101 SET @OLD_CHARACTER_SET_CLIENT=@@CHARACTER_SET_CLIENT */;
/*!40101 SET @OLD_CHARACTER_SET_RESULTS=@@CHARACTER_SET_RESULTS */;
/*!40101 SET @OLD_COLLATION_CONNECTION=@@COLLATION_CONNECTION */;
/*!40101 SET NAMES utf8 */;

--
-- 資料庫: `xth_9416412_fcu_book`
--

-- --------------------------------------------------------

--
-- 表的結構 `admin`
--

CREATE TABLE IF NOT EXISTS `admin` (
  `id` varchar(32) NOT NULL COMMENT '帳號',
  `pwd` varchar(32) NOT NULL COMMENT '密碼',
  PRIMARY KEY (`id`)
) ENGINE=MyISAM DEFAULT CHARSET=utf8 COMMENT='管理者';

--
-- 轉存資料表中的資料 `admin`
--

INSERT INTO `admin` (`id`, `pwd`) VALUES
('admin', 'admin');

-- --------------------------------------------------------

--
-- 表的結構 `announce`
--

CREATE TABLE IF NOT EXISTS `announce` (
  `ann_no` int(100) unsigned NOT NULL AUTO_INCREMENT,
  `type_no` int(10) unsigned NOT NULL,
  `release_time` datetime NOT NULL,
  `istop` enum('y','n') NOT NULL DEFAULT 'n',
  `title` varchar(100) NOT NULL,
  `context` varchar(1000) NOT NULL,
  PRIMARY KEY (`ann_no`)
) ENGINE=MyISAM  DEFAULT CHARSET=utf8 AUTO_INCREMENT=10 ;

--
-- 轉存資料表中的資料 `announce`
--

INSERT INTO `announce` (`ann_no`, `type_no`, `release_time`, `istop`, `title`, `context`) VALUES
(2, 1, '2011-10-30 06:37:46', 'n', '11/1凌晨，部份付款功能維護通知', '親愛的會員， \r\n\r\n2011/11/01 (二) 05:00 ~ 06:00 (早上五點至六點) 將配合金流合作廠商進行系統停機維護作業，屆時加值服務交易及功能將受影響。\r\n\r\n您可選擇其他的付費方式進行付費，或請於上述時間之後再行上網作業，造成您的不便與困擾，敬請見諒。'),
(3, 1, '2011-11-27 08:13:37', 'n', '刊登前請先注意書籍是否合格', '如果書籍有任何破損、摺痕、污漬、缺頁、筆記等等...\r\n\r\n請於描述中詳細說明，\r\n\r\n否則書籍將無法上架。'),
(4, 1, '2011-11-27 07:56:43', 'y', '系統進入最後測試階段！', '請參與測試的同學盡量將各個功能摸透，有發現問題盡快回報！\r\n\r\n謝謝各位參與測試的同學！'),
(5, 1, '2011-11-26 08:45:56', 'n', '資料重整', '各位管理組員，請於星期一發表前將系統的資料進行確認及修改，預祝我們專題成功!'),
(6, 1, '2011-11-27 07:33:36', 'n', '分類更新：部份分類異動說明', '親愛的會員，\r\n \r\n自10/28早上10 點起，拍賣分類中有多項類別異動，請參考分類異動詳細說明：\r\n \r\n商品一經刊登，即無法更改類別。建議您可以在刊登前，先搜尋或直接先到各分類查看是否有適當的類別，或參考拍賣分類總表。\r\n \r\n請注意，賣家在刊登前務必小心您的分類項目，刊登選擇分類時，凡是分類名稱後面出現「@」 符號，表示該分類在此為「分身」的意思，請小心選擇。\r\n \r\n若您對分類有任何的建議，歡迎來信告訴我們。\r\n謝謝您的支持與配合！祝您買賣都順利！'),
(7, 3, '2011-11-27 07:35:04', 'y', '[重要必讀] 交易注意事項', '一、只有本平台之會員享有買賣書功能的服務。\r\n\r\n二、上架書籍有14天的販賣時間。\r\n\r\n三、書籍每次上架都會收取10元手續費。\r\n\r\n四、賣家書籍滯銷超過7日後若不取回，每超過一天加收5元保管費。\r\n\r\n五、若保管費超過書籍本身價格，本平台有權將書籍沒收。\r\n\r\n六、下標後請於三日內至聯合服務中心付款。\r\n\r\n七、棄標者系統會給予懲罰，第一次停權三天、第二次停權七天、第三次永久停權。\r\n'),
(8, 1, '2011-11-27 07:41:05', 'n', '置頂功能修復', '系統已將公告置頂功能修復，顯示方式以 置頂>>發布日期 顯示公告。'),
(9, 2, '2011-11-27 08:18:19', 'n', '賣家權益', '如果買方在下標後未在三天之內至聯合中心付款，視為惡意下標，\r\n系統將會自動將該買方帳號停權三日，\r\n一旦累犯，將會累加停權日，三次之後將永久停權帳號，不得再使用本系統。');

-- --------------------------------------------------------

--
-- 表的結構 `announce_type`
--

CREATE TABLE IF NOT EXISTS `announce_type` (
  `type_no` int(10) unsigned NOT NULL AUTO_INCREMENT,
  `name` varchar(32) NOT NULL,
  PRIMARY KEY (`type_no`)
) ENGINE=MyISAM  DEFAULT CHARSET=utf8 AUTO_INCREMENT=6 ;

--
-- 轉存資料表中的資料 `announce_type`
--

INSERT INTO `announce_type` (`type_no`, `name`) VALUES
(1, '系統'),
(2, '帳務'),
(3, '商品'),
(4, '其他');

-- --------------------------------------------------------

--
-- 表的結構 `ask`
--

CREATE TABLE IF NOT EXISTS `ask` (
  `ask_no` int(100) unsigned NOT NULL AUTO_INCREMENT,
  `subject` varchar(64) NOT NULL COMMENT '標題',
  `type_no` int(10) unsigned NOT NULL,
  `asker` varchar(32) NOT NULL COMMENT '發問人',
  `ask_time` datetime NOT NULL COMMENT '發問時間',
  `context` varchar(1000) NOT NULL COMMENT '內文',
  PRIMARY KEY (`ask_no`)
) ENGINE=MyISAM  DEFAULT CHARSET=utf8 AUTO_INCREMENT=6 ;

--
-- 轉存資料表中的資料 `ask`
--

INSERT INTO `ask` (`ask_no`, `subject`, `type_no`, `asker`, `ask_time`, `context`) VALUES
(1, '請問我下標之後怎麼付錢?', 3, 'd9772780', '2011-08-08 17:37:39', '請問我下標之後怎麼付錢? 請問我下標之後怎麼付錢?'),
(2, '畢業之後?', 2, 'd9728419', '2011-10-30 06:26:27', '請問畢業之後我還可以賣書嗎?'),
(3, '問題回覆', 6, 'd9728419', '2011-10-31 22:56:52', '請問我現在提問，會如何得到問題回覆呢?'),
(4, '取消刊登後', 4, 'd9728419', '2011-10-31 23:03:32', '請問取消刊登後是否可以再重新刊登，如果可以的話要如何重新刊登，謝謝'),
(5, '我不小心看錯金額了！！', 3, 'd9728419', '2011-11-17 01:49:05', '今天下午不小心看錯金額買了一本資料結構，\r\n請問有辦法取消下標嗎？');

-- --------------------------------------------------------

--
-- 表的結構 `ask_ans`
--

CREATE TABLE IF NOT EXISTS `ask_ans` (
  `ask_no` int(100) unsigned NOT NULL,
  `ans_time` datetime NOT NULL,
  `answer` varchar(1000) NOT NULL,
  PRIMARY KEY (`ask_no`)
) ENGINE=MyISAM DEFAULT CHARSET=utf8;

--
-- 轉存資料表中的資料 `ask_ans`
--

INSERT INTO `ask_ans` (`ask_no`, `ans_time`, `answer`) VALUES
(4, '2011-11-15 04:07:20', '你必須送出申請才可以幫你重新申請唷'),
(1, '2011-11-17 07:22:02', '請逕自聯合服務中心付款就可以了。\r\n\r\nfrom \r\n二手書交易管理後台 管理者A');

-- --------------------------------------------------------

--
-- 表的結構 `book`
--

CREATE TABLE IF NOT EXISTS `book` (
  `book_no` int(100) unsigned NOT NULL AUTO_INCREMENT,
  `reg_time` datetime NOT NULL COMMENT '登錄時間',
  `on_time` datetime NOT NULL DEFAULT '0000-00-00 00:00:00' COMMENT '上架時間',
  `buy_time` datetime NOT NULL DEFAULT '0000-00-00 00:00:00' COMMENT '下標時間',
  `finish_time` datetime NOT NULL DEFAULT '0000-00-00 00:00:00' COMMENT '完成時間/取消登錄時間',
  `unsale_time` datetime NOT NULL DEFAULT '0000-00-00 00:00:00' COMMENT '滯銷時間',
  `book_name` varchar(64) NOT NULL COMMENT '書名',
  `publisher` varchar(64) NOT NULL COMMENT '出版社',
  `author` varchar(32) NOT NULL,
  `college_no` int(10) unsigned NOT NULL,
  `course` varchar(64) NOT NULL COMMENT '課程',
  `seller` varchar(16) NOT NULL COMMENT '賣方',
  `buyer` varchar(16) NOT NULL DEFAULT '' COMMENT '買方',
  `new_old` int(10) unsigned NOT NULL COMMENT '新舊',
  `book_state_no` int(10) unsigned NOT NULL,
  `trade_state` enum('y','n') NOT NULL DEFAULT 'n' COMMENT '是否收到錢',
  `b_describe` varchar(1000) NOT NULL COMMENT '敘述',
  `old_price` int(10) unsigned NOT NULL COMMENT '原價',
  `new_price` int(10) unsigned NOT NULL COMMENT '售價',
  `fee` int(10) unsigned NOT NULL DEFAULT '0' COMMENT '手續費(延期費)',
  `b_storage` int(10) unsigned NOT NULL DEFAULT '0' COMMENT '保管費',
  `img` text NOT NULL COMMENT '圖片',
  PRIMARY KEY (`book_no`)
) ENGINE=MyISAM  DEFAULT CHARSET=utf8 AUTO_INCREMENT=31 ;

--
-- 轉存資料表中的資料 `book`
--

INSERT INTO `book` (`book_no`, `reg_time`, `on_time`, `buy_time`, `finish_time`, `unsale_time`, `book_name`, `publisher`, `author`, `college_no`, `course`, `seller`, `buyer`, `new_old`, `book_state_no`, `trade_state`, `b_describe`, `old_price`, `new_price`, `fee`, `b_storage`, `img`) VALUES
(1, '2011-10-28 23:42:07', '0000-00-00 00:00:00', '0000-00-00 00:00:00', '0000-00-00 00:00:00', '2011-11-25 07:17:29', '資料結構-使用C語言(增訂版)(附光碟)', '上奇科技', '李春雄', 5, '資料結構', 'd9772780', '', 9, 5, 'n', '老師上課大部分使用投影片，\r\n因此不常翻到這本書，\r\n幾乎全新、無摺痕、破損。', 400, 300, 20, 20, 'book_images/20111028234207.jpg'),
(2, '2011-10-29 00:47:38', '2011-11-06 10:53:35', '0000-00-00 00:00:00', '0000-00-00 00:00:00', '0000-00-00 00:00:00', '《計算機結構: 入門啟示錄》', '全華圖書公司', '沈雍超', 5, '計算機結構', 'd9772780', '', 7, 3, 'n', '部分頁面抄有筆記，不喜勿下標。', 250, 65, 60, 25, 'book_images/20111029004738.jpg'),
(6, '2011-10-29 09:18:17', '2011-10-29 09:30:40', '2011-11-10 01:56:21', '2011-11-10 01:58:16', '0000-00-00 00:00:00', '賈伯斯傳', '天下文化', '華特．艾薩克森', 9, '蘋果文化探討', 'D9728759', 'd9772780', 9, 4, 'n', '選到後發現作業太多，故退選，九折賣給好心人！', 599, 540, 10, 0, 'book_images/20111029091817.jpg'),
(15, '2011-11-16 00:37:55', '2011-11-17 02:52:56', '0000-00-00 00:00:00', '0000-00-00 00:00:00', '0000-00-00 00:00:00', '演算法概論', '學貫出版', '蔡郁彬', 5, '計算機演算法', 'D9728759', '', 8, 2, 'n', '大約翻閱檢查過筆記畫記寫字少有 \r\n', 700, 280, 10, 0, 'book_images/20111116003755.jpg'),
(9, '2011-10-30 07:58:29', '2011-11-17 07:23:02', '2011-11-26 22:15:18', '0000-00-00 00:00:00', '0000-00-00 00:00:00', '基礎統計學│三版│BASIC STATISTICS│二手│附光碟', '華泰', '方世榮', 2, '統計學', 'd9772780', 'D9728759', 7, 3, 'n', '使用不超過一年，內含筆記。', 500, 350, 30, 15, 'book_images/20111030075829.jpg'),
(10, '2011-11-04 00:09:52', '2011-11-10 01:57:18', '2011-11-15 09:40:06', '2011-11-15 09:46:32', '0000-00-00 00:00:00', '跟 Adobe 徹底研究 Dreamweaver 5.5 行動裝置設計與開發 : 使用 jQuery、HTML5、CSS3 ', '上奇科技', '陳亦苓', 5, '系統分析與設計', 'd9728419', 'D9728759', 8, 4, 'n', '這是以 Dreamweaver CS 5.5 替行動裝置做設計時的最佳指南。\r\n很有用的唷!!!', 600, 474, 20, 0, 'book_images/20111104000952.jpg'),
(11, '2011-11-04 00:20:02', '0000-00-00 00:00:00', '0000-00-00 00:00:00', '0000-00-00 00:00:00', '2011-11-23 00:42:07', 'Eclipse 完全攻略－從基礎 JAVA 到 PDE 外掛開發', '博碩', '宮本信二', 5, '物件導向設計', 'd9728419', '', 10, 3, 'n', '教你如何使用ECLipse! 有關物件導向之課程皆可使用!', 600, 468, 20, 60, 'book_images/20111104002002.jpg'),
(12, '2011-11-06 09:17:18', '0000-00-00 00:00:00', '2011-11-15 00:06:29', '2011-11-15 00:06:29', '0000-00-00 00:00:00', '前進 Android Market！Google Android SDK 實戰演練', '悅知', '何孟翰', 5, 'OOSE', 'd9728419', 'd9728419', 9, 6, 'y', '幾乎全新，買沒翻過3次，都是用上課講義。', 850, 0, 0, 0, 'book_images/20111106091718.jpg'),
(13, '2011-11-15 07:49:58', '2011-11-15 08:06:22', '0000-00-00 00:00:00', '0000-00-00 00:00:00', '0000-00-00 00:00:00', '80X86組合語言(第三版)', '全華圖書 ', '翁明周', 5, '組合語言', 'D9728759', '', 8, 3, 'n', '第一篇 快快樂樂入門 1-1\r\n第一章 數位資料系統 1-3\r\n1-1數位系統介紹 1-4\r\n1-2各數字系統轉換 1-7\r\n1-3二進位數字系統運算 1-10\r\n1-4十六進位的算術運算 1-13\r\n1-5二進位編碼的十進位數(BCD碼) 1-14\r\n第二章 IBM PC硬體結構 2-1\r\n2-1電腦硬體結構四部單元 2-2\r\n2-2匯流排系統介紹 2-4\r\n2-3 80X86暫存器介紹 2-4\r\n2-4記憶體的管理 2-15\r\n第三章 組合語言程式開發流程 3-1\r\n3-1如何撰寫一個組合語言程式 3-2\r\n3-2組合語言指令型式 3-4\r\n3-3組合語言虛擬指令 3-5\r\n3-4組合語言偵錯器 3-9\r\n3-5定址方法 3-14\r\n第四章 資料傳送指令 4-1\r\n第五章 四則運算指令與調整指令 5-1\r\n5-1增加指令 5-2\r\n5-2減法指令 5-8\r\n5-3乘法指令 5-14\r\n5-4除法指令 5-22\r\n5-5調整指令 5-28\r\n5-6轉換指令 5-36\r\n第六章 邏輯運算、移位、旋轉指令 6-1\r\n6-1邏輯運算指令 6-2\r\n6-2移位指令 6-12\r\n6-3旋轉指令 6-21\r\n第七章 跳越指令 7-1\r\n7-1 JMP指令 7-2\r\n7-2跳越與比較指令 7-3\r\n7-3 LOOP.LOOPE.LOOPZ.LOOPNE.LOOPNZ指令 7-12\r\n7-4條件高階指令 7-19\r\n第八章 字串處理指令 8-1\r\n8-1字串處理指令 8-2\r\n8-2 MOVS.MOVSB.MOVSW.MOV.SD.REP指令 8-2\r\n8-3 LODS.LODSB.LODSW.LODSD STOS.STOSB.STOSW.STOSD\r\n   指令 8-9\r\n8-4 CMPS.REPZ.REPE.REPNZ.REPNE指令 8-13\r\n8-5 CSAS指令 8-16\r\n8-6 INS OUTS 8-19\r\n8-7 IN OUT 8-22\r\n8-8 NOP指令 8-27\r\n第九章 副程式與巨集程式使用 9-1\r\n9-1內部呼叫 9-2\r\n9-2外部呼叫 9-7\r\n9-3程式庫的建立與使用 9-21\r\n9-4巨集程式 9-29\r\n第二篇 輕輕鬆鬆使用週邊 10-1\r\n第十章 螢幕文字模式使用 10-3\r\n10-1基本元字串處理 10-4\r\n10-2文字模式處理 10-', 550, 380, 10, 0, 'book_images/20111115074958.jpg'),
(14, '2011-11-15 07:58:31', '0000-00-00 00:00:00', '0000-00-00 00:00:00', '0000-00-00 00:00:00', '2011-11-26 03:05:24', '80X86 MASM 6.X組合語言實務', '旗標 ', '施威銘', 5, '組合語言', 'D9728759', '', 8, 5, 'n', ' ', 400, 230, 10, 0, 'book_images/20111115075831.jpg'),
(16, '2011-11-16 00:39:47', '2011-11-17 02:53:10', '2011-11-17 02:55:25', '2011-11-27 09:40:38', '0000-00-00 00:00:00', '人機介面圖形監控 修訂三版', '全華出版', '宓哲民', 5, '人機介面', 'D9728759', 'd9728419', 6, 4, 'n', '大約翻閱檢查過筆記畫記寫字少有 \r\n', 550, 220, 10, 0, 'book_images/20111116003947.jpg'),
(22, '2011-11-27 08:01:13', '0000-00-00 00:00:00', '0000-00-00 00:00:00', '2011-11-27 08:01:56', '2011-11-27 08:01:56', 'asdf', 'asdf', 'asdf', 2, 'asfd', 'd9772780', '', 1, 6, 'n', 'asdf', 0, 0, 0, 0, 'book_images/20111127080113.jpg'),
(23, '2011-11-27 09:10:14', '2011-11-27 09:20:01', '0000-00-00 00:00:00', '0000-00-00 00:00:00', '0000-00-00 00:00:00', '《微電子學三版 (上/下冊) 》合購', '滄海圖書', '呂學士 劉深淵', 5, '電子學', 'd9772780', '', 8, 2, 'n', '附光碟內容。', 1000, 760, 10, 0, 'book_images/20111127091014.jpg'),
(18, '2011-11-16 00:43:26', '2011-11-17 02:52:42', '0000-00-00 00:00:00', '0000-00-00 00:00:00', '0000-00-00 00:00:00', 'Dreamweaver8 魔法書 中文版', '旗標出版', '施威銘', 9, '網頁相關', 'D9728759', '', 7, 2, 'n', '經檢查無缺頁/無掉頁/一切良好', 550, 250, 10, 0, 'book_images/20111116004326.jpg'),
(19, '2011-11-16 22:12:23', '0000-00-00 00:00:00', '2011-11-26 03:06:06', '2011-11-26 03:06:06', '0000-00-00 00:00:00', '資料探勘 (Data Mining) ', '旗標出版', '曾憲雄、蔡秀滿、蘇東興、曾秋蓉、王慶堯', 5, '資料倉儲與資料探勘', 'D9728759', 'D9728759', 10, 6, 'n', '附1片光碟片\r\n', 620, 55, 10, 45, 'book_images/20111116221223.jpg'),
(27, '2011-11-27 09:34:42', '2011-11-27 09:35:06', '0000-00-00 00:00:00', '0000-00-00 00:00:00', '0000-00-00 00:00:00', 'PHP 與 MySQL 網站規劃管理應用', '上奇科技', '葉建榮', 5, '資料庫系統概論', 'd9728419', '', 10, 2, 'n', '全新 沒翻過，適用林明言老師的資料庫', 560, 560, 10, 0, 'book_images/20111127093442.jpg'),
(24, '2011-11-27 09:12:44', '2011-11-27 09:19:52', '0000-00-00 00:00:00', '0000-00-00 00:00:00', '0000-00-00 00:00:00', '《微積分 精華版(附解答集)》', '學銘、歐亞', 'Ron Larson 等│張海潮譯', 3, '微積分', 'd9772780', '', 7, 2, 'n', '有劃記。', 600, 300, 10, 0, 'book_images/20111127091244.jpg'),
(25, '2011-11-27 09:15:58', '0000-00-00 00:00:00', '0000-00-00 00:00:00', '0000-00-00 00:00:00', '0000-00-00 00:00:00', '《大學國文選》', '麗文文化事業股份有限公司', '蘇石山', 5, '國文', 'd9772780', '', 9, 1, 'n', '其實也不常翻，接近全新。', 150, 70, 0, 0, 'book_images/20111127091558.jpg'),
(26, '2011-11-27 09:18:43', '2011-11-27 09:19:45', '0000-00-00 00:00:00', '0000-00-00 00:00:00', '0000-00-00 00:00:00', '《物件導向系統分析與設計－結合 MDA 與 UML, 3/e》', '智勝', '吳仁和', 5, '物件導向', 'd9772780', '', 9, 2, 'n', '無。', 550, 300, 10, 0, 'book_images/20111127091843.jpg'),
(28, '2011-11-27 09:39:46', '0000-00-00 00:00:00', '0000-00-00 00:00:00', '0000-00-00 00:00:00', '2011-11-27 09:55:17', '我們的經濟出了什麼問題 ?', '博雅書屋', '周偉華', 8, '經濟概論(一)', 'd9728419', '', 9, 5, 'n', '老師上課用的延伸閱讀~好看', 250, 238, 10, 0, 'book_images/20111127093946.jpg'),
(29, '2011-11-27 09:54:20', '0000-00-00 00:00:00', '0000-00-00 00:00:00', '0000-00-00 00:00:00', '0000-00-00 00:00:00', '丙級電腦輔助立體製圖術科通關寶典 (2011 最新版)', '台科大圖書出版社', 'TERA 工作室', 1, '電腦輔助立體製圖實習', 'd9728419', '', 7, 1, 'n', '實習課專用書，有點舊但是還可以用到這學期', 400, 200, 0, 0, 'book_images/20111127095420.jpg'),
(30, '2011-11-27 10:00:26', '2011-11-27 10:00:40', '0000-00-00 00:00:00', '0000-00-00 00:00:00', '0000-00-00 00:00:00', '深入淺出 Python (Head First Python)', '歐萊禮', 'Paul Barry 、蔣大偉 ', 5, '網路程式設計', 'd9728419', '', 4, 2, 'n', '用很久了，摺痕很多，但還保持完好', 780, 400, 10, 0, 'book_images/20111127100026.jpg');

-- --------------------------------------------------------

--
-- 表的結構 `book_state`
--

CREATE TABLE IF NOT EXISTS `book_state` (
  `book_state_no` int(10) unsigned NOT NULL AUTO_INCREMENT,
  `state_name` varchar(16) NOT NULL,
  PRIMARY KEY (`book_state_no`)
) ENGINE=MyISAM  DEFAULT CHARSET=utf8 AUTO_INCREMENT=7 ;

--
-- 轉存資料表中的資料 `book_state`
--

INSERT INTO `book_state` (`book_state_no`, `state_name`) VALUES
(1, '待確認'),
(2, '銷售中'),
(3, '交易中'),
(4, '交易完成'),
(5, '滯銷'),
(6, '取消登錄');

-- --------------------------------------------------------

--
-- 表的結構 `college`
--

CREATE TABLE IF NOT EXISTS `college` (
  `college_no` int(10) unsigned NOT NULL AUTO_INCREMENT COMMENT '編號',
  `college_name` varchar(32) NOT NULL,
  PRIMARY KEY (`college_no`)
) ENGINE=MyISAM  DEFAULT CHARSET=utf8 COMMENT='學院' AUTO_INCREMENT=10 ;

--
-- 轉存資料表中的資料 `college`
--

INSERT INTO `college` (`college_no`, `college_name`) VALUES
(1, '工學院'),
(2, '商學院'),
(3, '理學院'),
(4, '人文社會學院'),
(5, '資訊電機學院'),
(6, '建設學院'),
(7, '經營管理學院'),
(8, '金融學院'),
(9, '通識');

-- --------------------------------------------------------

--
-- 表的結構 `member`
--

CREATE TABLE IF NOT EXISTS `member` (
  `id` varchar(32) NOT NULL COMMENT '帳號',
  `pwd` varchar(32) NOT NULL COMMENT '密碼',
  `sn` varchar(16) NOT NULL COMMENT '身分證字號',
  `name` varchar(16) NOT NULL COMMENT '姓名',
  `college_no` int(10) unsigned NOT NULL COMMENT '學院',
  `class` varchar(16) NOT NULL COMMENT '系級',
  `email` varchar(32) NOT NULL,
  `phone` varchar(16) NOT NULL COMMENT '手機',
  `state_no` int(10) unsigned NOT NULL COMMENT '狀態',
  `registry_time` datetime NOT NULL COMMENT '註冊時間',
  `last_login_time` datetime NOT NULL COMMENT '上次登入時間',
  `last_logut_time` datetime NOT NULL COMMENT '上次登出時間',
  `punish_time` datetime NOT NULL COMMENT '停權時間',
  PRIMARY KEY (`id`)
) ENGINE=MyISAM DEFAULT CHARSET=utf8 COMMENT='會員';

--
-- 轉存資料表中的資料 `member`
--

INSERT INTO `member` (`id`, `pwd`, `sn`, `name`, `college_no`, `class`, `email`, `phone`, `state_no`, `registry_time`, `last_login_time`, `last_logut_time`, `punish_time`) VALUES
('D9728759', '1234', 'V121264763', '吳昆霖', 5, '資訊四乙', 'd9728759@fcu.edu.tw', '0921578685', 1, '2011-10-27 23:34:21', '2011-11-26 21:41:56', '2011-11-26 21:40:27', '2011-11-14 01:15:18'),
('d9772780', 'kerker', 'B122220222', '蕭國宏', 5, '資訊四乙', 'd9772780@fcu.edu.tw', '0956110271', 1, '2011-10-28 00:03:47', '2011-11-27 11:41:37', '2011-11-27 08:30:08', '2011-11-26 06:50:53'),
('d9772729', 'kerker', 'B122220222', '楊震麟', 5, '資訊四乙', 'd9772729@fcu.edu.tw', '0958888888', 2, '2011-10-28 00:17:59', '2011-11-26 10:58:59', '2011-11-26 10:59:07', '2011-11-26 04:14:06'),
('d9728419', '0831', 'F128080860', '廖威安', 5, '資訊四乙', 'd9728419@fcu.edu.tw', '0911426979', 1, '2011-10-31 22:38:23', '2011-11-27 09:32:19', '2011-11-27 07:35:13', '0000-00-00 00:00:00'),
('D9927425', '2jrxixox', 'L124395444', '宋勇磊', 1, '機電二甲', ' D9927425@fcu.edu.tw', '0912235319', 1, '2011-11-04 00:21:42', '2011-11-04 00:23:06', '2011-11-04 00:23:45', '0000-00-00 00:00:00'),
('d9736054', '123456', 'v123456789', '朱晉廷', 5, '資訊四乙', 'd9736054@fcu.edu.tw', '0921345678', 1, '2011-11-15 09:21:28', '2011-11-15 09:25:08', '2011-11-15 09:32:32', '0000-00-00 00:00:00');

-- --------------------------------------------------------

--
-- 表的結構 `mem_state`
--

CREATE TABLE IF NOT EXISTS `mem_state` (
  `member_state_no` int(10) unsigned NOT NULL AUTO_INCREMENT COMMENT '編號',
  `state_name` varchar(16) NOT NULL,
  PRIMARY KEY (`member_state_no`)
) ENGINE=MyISAM  DEFAULT CHARSET=utf8 COMMENT='會員狀態' AUTO_INCREMENT=5 ;

--
-- 轉存資料表中的資料 `mem_state`
--

INSERT INTO `mem_state` (`member_state_no`, `state_name`) VALUES
(1, '正常'),
(2, '停權三天'),
(3, '停權七天'),
(4, '永久停權');

-- --------------------------------------------------------

--
-- 表的結構 `message`
--

CREATE TABLE IF NOT EXISTS `message` (
  `msg_no` int(100) unsigned NOT NULL AUTO_INCREMENT,
  `book_no` int(10) unsigned NOT NULL,
  `asker` varchar(16) NOT NULL,
  `ask_time` datetime NOT NULL,
  `msg` varchar(200) NOT NULL COMMENT '問題',
  `answer_time` datetime NOT NULL DEFAULT '0000-00-00 00:00:00',
  `answer` varchar(200) NOT NULL COMMENT '回答',
  PRIMARY KEY (`msg_no`)
) ENGINE=MyISAM  DEFAULT CHARSET=utf8 AUTO_INCREMENT=9 ;

--
-- 轉存資料表中的資料 `message`
--

INSERT INTO `message` (`msg_no`, `book_no`, `asker`, `ask_time`, `msg`, `answer_time`, `answer`) VALUES
(1, 6, 'd9772780', '2011-10-30 08:00:58', '安安，可以順便把讀後感給我嗎?', '0000-00-00 00:00:00', ''),
(2, 11, 'D9927425', '2011-11-04 00:23:40', '這都是說JAVA的東西吧??', '2011-11-06 03:41:13', '這是有關eclipse開發軟體的書籍，JAVA一定有，其他不太確定，因為這是人家送的'),
(3, 9, 'd9728419', '2011-11-06 08:57:33', '請問光碟還在嘛??', '2011-11-06 08:58:08', '還在  會附在書上'),
(4, 9, 'd9728419', '2011-11-06 08:59:55', '筆記都是寫在上方還是另外超在另一本筆記本上?', '0000-00-00 00:00:00', ''),
(6, 2, 'd9728419', '2011-11-14 22:36:15', '請問筆記是超在上面嗎?', '0000-00-00 00:00:00', ''),
(7, 15, 'd9728419', '2011-11-26 21:41:14', '請問你拍這張相片的相機是哪一牌的?', '2011-11-26 21:42:48', '這跟書籍沒有關係吧... = ="'),
(8, 15, 'd9728419', '2011-11-26 21:41:33', '我手邊有一台新的G12要拋售，你要不要考慮一下?', '0000-00-00 00:00:00', '');

-- --------------------------------------------------------

--
-- 表的結構 `new_old`
--

CREATE TABLE IF NOT EXISTS `new_old` (
  `new_old_no` int(10) unsigned NOT NULL AUTO_INCREMENT,
  `new_old_name` varchar(16) NOT NULL,
  PRIMARY KEY (`new_old_no`)
) ENGINE=MyISAM  DEFAULT CHARSET=utf8 AUTO_INCREMENT=11 ;

--
-- 轉存資料表中的資料 `new_old`
--

INSERT INTO `new_old` (`new_old_no`, `new_old_name`) VALUES
(1, '一成新'),
(2, '二成新'),
(3, '三成新'),
(4, '四成新'),
(5, '五成新'),
(6, '六成新'),
(7, '七成新'),
(8, '八成新'),
(9, '九成新'),
(10, '全新');

-- --------------------------------------------------------

--
-- 表的結構 `qa`
--

CREATE TABLE IF NOT EXISTS `qa` (
  `qa_no` int(100) unsigned NOT NULL AUTO_INCREMENT,
  `type_no` int(10) unsigned NOT NULL,
  `release_time` datetime NOT NULL COMMENT '發布時間',
  `question` varchar(200) NOT NULL COMMENT '問題',
  `answer` varchar(200) NOT NULL COMMENT '回答',
  PRIMARY KEY (`qa_no`)
) ENGINE=MyISAM  DEFAULT CHARSET=utf8 AUTO_INCREMENT=9 ;

--
-- 轉存資料表中的資料 `qa`
--

INSERT INTO `qa` (`qa_no`, `type_no`, `release_time`, `question`, `answer`) VALUES
(1, 3, '2011-10-30 06:17:29', '請問我下標完之後要如何付款?', '請於下標後三日內至聯合服務中心付款。'),
(2, 6, '2011-10-30 06:18:27', '聯合服務中心在哪?', '於網站首頁有逢甲大學平面圖，內有詳細標示。'),
(3, 1, '2011-10-30 06:21:15', '為什麼忘記密碼功能收不到信?', '請嘗試使用其他信箱，可在會員中心、個人資料中更改信箱，推薦本校的信箱，其他信箱可能發生擋信情形。'),
(4, 4, '2011-10-30 06:24:40', '我不想賣了，可是有人已經下標，我要怎麼辦?', '在交易之前有多次機會取消，既然有人已經下標，除非買家取消，否則無解。'),
(5, 4, '2011-11-06 16:37:45', '如果我想重新刊登的話，我該如何操作?', '在取消刊登後，會變成重新刊登的按鈕，如果要重新刊登該書，點選後會自動送出申請，通知平台管理者進行重新刊登之動作。'),
(6, 1, '2011-11-27 07:38:53', '什麼是交易手續費？收費標準為何？', '書籍每次上架都會收取10元手續費，賣家書籍滯銷超過7日後若不取回，每超過一天加收5元保管費，\r\n若保管費超過書籍本身價格，本平台有權將書籍沒收。\r\n'),
(7, 2, '2011-11-27 07:41:35', '如何註冊成為會員？', '請在右上角點選"註冊"之後，填入相關資料，即可成為會員享用本平台的服務。'),
(8, 5, '2011-11-27 07:44:18', '我的商品為什麼被取消了？', '請確認您的商品是否含有不符合規定的內容!有問題可使用客戶提問。');

-- --------------------------------------------------------

--
-- 表的結構 `q_type`
--

CREATE TABLE IF NOT EXISTS `q_type` (
  `q_type_no` int(10) unsigned NOT NULL AUTO_INCREMENT,
  `q_name` varchar(16) NOT NULL,
  PRIMARY KEY (`q_type_no`)
) ENGINE=MyISAM  DEFAULT CHARSET=utf8 AUTO_INCREMENT=8 ;

--
-- 轉存資料表中的資料 `q_type`
--

INSERT INTO `q_type` (`q_type_no`, `q_name`) VALUES
(1, '費用與帳務'),
(2, '註冊及帳號安全'),
(3, '買書'),
(4, '賣書'),
(5, '申訴與檢舉'),
(6, '其他');

-- --------------------------------------------------------

--
-- 表的結構 `remind`
--

CREATE TABLE IF NOT EXISTS `remind` (
  `remind_no` int(100) unsigned NOT NULL AUTO_INCREMENT,
  `title` varchar(200) NOT NULL,
  `type` int(10) unsigned NOT NULL,
  `release_time` datetime NOT NULL,
  `member_id` varchar(16) NOT NULL,
  `isRead` enum('y','n') NOT NULL DEFAULT 'n' COMMENT '是否已讀',
  PRIMARY KEY (`remind_no`)
) ENGINE=MyISAM  DEFAULT CHARSET=utf8 AUTO_INCREMENT=149 ;

--
-- 轉存資料表中的資料 `remind`
--

INSERT INTO `remind` (`remind_no`, `title`, `type`, `release_time`, `member_id`, `isRead`) VALUES
(1, '您所登錄的資料結構-使用C語言(增訂版)(附光碟)已經上架成功。', 2, '2011-10-29 02:08:12', 'd9772780', 'y'),
(2, '您所登錄的《計算機結構: 入門啟示錄》已經上架成功。', 2, '2011-10-29 02:08:23', 'd9772780', 'y'),
(4, '您已成功販賣!', 2, '2011-10-29 09:18:17', 'D9728759', 'y'),
(5, '您所登錄的賈伯斯傳已經上架成功。', 2, '2011-10-29 09:30:40', 'D9728759', 'y'),
(84, '您已成功販賣資料探勘 (Data Mining) ，請至會員中心查看，並在期限內到聯合中心繳書!', 2, '2011-11-16 22:12:24', 'D9728759', 'y'),
(85, '您所登錄的資料探勘 (Data Mining) 已經上架成功。', 2, '2011-11-16 22:19:54', 'D9728759', 'y'),
(10, '您已成功販賣基礎統計學│三版│BASIC STATISTICS│二手│附光碟，請至會員中心查看，並在期限內到聯合中心繳書!', 2, '2011-10-30 07:58:29', 'd9772780', 'y'),
(11, '您所登錄的基礎統計學│三版│BASIC STATISTICS│二手│附光碟已經上架成功。', 2, '2011-10-30 07:59:52', 'd9772780', 'y'),
(12, '您在賈伯斯傳的留言已成功!。', 3, '2011-10-30 08:00:59', 'd9772780', 'y'),
(13, '您在賈伯斯傳有新留言。', 3, '2011-10-30 08:00:59', 'D9728759', 'y'),
(14, '提問成功，您的問題我們會盡快回覆您，謝謝!', 1, '2011-10-31 22:56:52', 'd9728419', 'y'),
(15, '提問成功，您的問題我們會盡快回覆您，謝謝!', 1, '2011-10-31 23:03:32', 'd9728419', 'y'),
(16, '您已成功販賣跟 Adobe 徹底研究 Dreamweaver 5.5 行動裝置設計與開發 : 使用 jQuery、HTML5、CSS3 ，請至會員中心查看，並在期限內到聯合中心繳書!', 2, '2011-11-04 00:09:52', 'd9728419', 'y'),
(17, '您所登錄的跟 Adobe 徹底研究 Dreamweaver 5.5 行動裝置設計與開發 : 使用 jQuery、HTML5、CSS3 已經上架成功。', 2, '2011-11-04 00:11:01', 'd9728419', 'y'),
(18, '您已成功販賣Eclipse 完全攻略－從基礎 JAVA 到 PDE 外掛開發，請至會員中心查看，並在期限內到聯合中心繳書!', 2, '2011-11-04 00:20:02', 'd9728419', 'y'),
(19, '您所登錄的Eclipse 完全攻略－從基礎 JAVA 到 PDE 外掛開發已經上架成功。', 2, '2011-11-04 00:20:12', 'd9728419', 'y'),
(20, '您在Eclipse 完全攻略－從基礎 JAVA 到 PDE 外掛開發的留言已成功!。', 3, '2011-11-04 00:23:40', 'D9927425', 'n'),
(21, '您在Eclipse 完全攻略－從基礎 JAVA 到 PDE 外掛開發有新留言。', 3, '2011-11-04 00:23:40', 'd9728419', 'y'),
(22, '您所販賣的《計算機結構: 入門啟示錄》已被管理員下架。', 2, '2011-11-06 02:08:40', 'd9772780', 'y'),
(23, '您所登錄的《計算機結構: 入門啟示錄》已經上架成功。', 2, '2011-11-06 02:10:05', 'd9772780', 'y'),
(24, '您所販賣的《計算機結構: 入門啟示錄》已被管理員下架。', 2, '2011-11-06 02:10:22', 'd9772780', 'y'),
(25, '您所登錄的《計算機結構: 入門啟示錄》已被管理員取消。', 2, '2011-11-06 02:10:50', 'd9772780', 'y'),
(26, 'æ‚¨æ‰€è²©è³£çš„??????: ??????å·²ç¶“éŽæœŸï¼Œè«‹è‡³è¯åˆæœå‹™ä¸­å¿ƒè™•ç†ã€‚', 2, '2011-11-06 02:16:47', 'd9772780', 'y'),
(27, 'æ‚¨æ‰€è³¼è²·çš„??????: ??????å·²ç¶“é€¾æœŸæœªä»˜æ¬¾ï¼Œç³»çµ±å·²è‡ªå‹•å–æ¶ˆäº¤æ˜“ã€‚', 2, '2011-11-06 02:16:47', 'd9772780', 'y'),
(28, '您所登錄的《計算機結構: 入門啟示錄》已經上架成功。', 2, '2011-11-06 02:17:01', 'd9772780', 'y'),
(29, '您所販賣的《計算機結構: 入門啟示錄》已被管理員下架。', 2, '2011-11-06 02:18:01', 'd9772780', 'y'),
(30, '您所登錄的《計算機結構: 入門啟示錄》已被管理員取消。', 2, '2011-11-06 02:18:03', 'd9772780', 'y'),
(31, '您所登錄的《計算機結構: 入門啟示錄》已經上架成功。', 2, '2011-11-06 02:29:47', 'd9772780', 'y'),
(32, '您所販賣的《計算機結構: 入門啟示錄》已被管理員下架。', 2, '2011-11-06 02:29:49', 'd9772780', 'y'),
(33, '您所登錄的《計算機結構: 入門啟示錄》已被管理員取消。', 2, '2011-11-06 02:29:51', 'd9772780', 'y'),
(36, '資料結構-使用C語言(增訂版)(附光碟)已取消刊登，請來領回書本。', 3, '2011-11-06 04:13:54', 'd9772780', 'y'),
(35, '您已成功送出重新刊登《計算機結構: 入門啟示錄》之申請。', 1, '2011-11-06 03:20:33', 'd9772780', 'y'),
(37, '您販賣的Eclipse 完全攻略－從基礎 JAVA 到 PDE 外掛開發已取消刊登。', 3, '2011-11-06 08:39:13', 'd9728419', 'y'),
(38, '您在基礎統計學│三版│BASIC STATISTICS│二手│附光碟的留言已成功!。', 3, '2011-11-06 08:57:33', 'd9728419', 'y'),
(39, '您在基礎統計學│三版│BASIC STATISTICS│二手│附光碟有新留言。', 3, '2011-11-06 08:57:33', 'd9772780', 'y'),
(40, '您在基礎統計學│三版│BASIC STATISTICS│二手│附光碟的留言已成功!。', 3, '2011-11-06 08:59:56', 'd9728419', 'y'),
(41, '您在基礎統計學│三版│BASIC STATISTICS│二手│附光碟有新留言。', 3, '2011-11-06 08:59:56', 'd9772780', 'y'),
(42, '您在跟 Adobe 徹底研究 Dreamweaver 5.5 行動裝置設計與開發 : 使用 jQuery、HTML5、CSS3 的留言已成功!。', 3, '2011-11-06 09:05:36', 'd9772780', 'y'),
(43, '您在跟 Adobe 徹底研究 Dreamweaver 5.5 行動裝置設計與開發 : 使用 jQuery、HTML5、CSS3 有新留言。', 3, '2011-11-06 09:05:36', 'd9728419', 'y'),
(44, '您在跟 Adobe 徹底研究 Dreamweaver 5.5 行動裝置設計與開發 : 使用 jQuery、HTML5、CSS3 的留言已移除。', 3, '2011-11-06 09:11:29', 'd9772780', 'y'),
(45, '您已成功販賣前進 Android Market！Google Android SDK 實戰演練，請至會員中心查看，並在期限內到聯合中心繳書!', 2, '2011-11-06 09:17:18', 'd9728419', 'y'),
(46, '您重新刊登Eclipse 完全攻略－從基礎 JAVA 到 PDE 外掛開發的申請已經成功送出。', 1, '2011-11-06 09:26:51', 'd9728419', 'y'),
(47, '您所登錄的《計算機結構: 入門啟示錄》已經上架成功。', 2, '2011-11-06 10:40:47', 'd9772780', 'y'),
(48, '您所購買的《計算機結構: 入門啟示錄》已經逾期未付款，系統已自動取消交易。', 2, '2011-11-06 10:40:47', 'd9772780', 'y'),
(49, '您所登錄的資料結構-使用C語言(增訂版)(附光碟)已經上架成功。', 2, '2011-11-06 10:40:55', 'd9772780', 'y'),
(50, '您販賣的《計算機結構: 入門啟示錄》已取消刊登。', 3, '2011-11-06 10:41:52', 'd9772780', 'y'),
(51, '您重新刊登《計算機結構: 入門啟示錄》的申請已經成功送出。', 1, '2011-11-06 10:53:15', 'd9772780', 'y'),
(52, '您申請重新刊登的《計算機結構: 入門啟示錄》已經上架成功。', 2, '2011-11-06 10:53:35', 'd9772780', 'y'),
(53, '您販賣的跟 Adobe 徹底研究 Dreamweaver 5.5 行動裝置設計與開發 : 使用 jQuery、HTML5、CSS3 已取消刊登。', 3, '2011-11-09 09:43:35', 'd9728419', 'y'),
(54, '您重新刊登的申請已經成功送出。', 1, '2011-11-09 09:54:01', 'd9728419', 'y'),
(55, '您重新刊登的申請已經成功送出。', 1, '2011-11-09 09:54:19', 'd9728419', 'y'),
(56, '您重新刊登跟 Adobe 徹底研究 Dreamweaver 5.5 行動裝置設計與開發 : 使用 jQuery、HTML5、CSS3 的申請已經成功送出。', 1, '2011-11-09 10:01:02', 'd9728419', 'y'),
(57, '您已成功下標賈伯斯傳!請盡速至聯合中心繳款。', 2, '2011-11-10 01:56:21', 'd9772780', 'y'),
(58, '您申請重新刊登的跟 Adobe 徹底研究 Dreamweaver 5.5 行動裝置設計與開發 : 使用 jQuery、HTML5、CSS3 已經上架成功。', 2, '2011-11-10 01:57:18', 'd9728419', 'y'),
(59, '您申請重新刊登的Eclipse 完全攻略－從基礎 JAVA 到 PDE 外掛開發已經上架成功。', 2, '2011-11-10 01:57:19', 'd9728419', 'y'),
(60, '您所販賣的賈伯斯傳已經可以前來取款。', 2, '2011-11-10 01:57:39', 'D9728759', 'y'),
(61, '您所購買的賈伯斯傳已經付款成功。', 2, '2011-11-10 01:58:16', 'd9772780', 'y'),
(62, '您所販賣的基礎統計學│三版│BASIC STATISTICS│二手│附光碟已經過期，請至聯合服務中心處理。', 2, '2011-11-13 10:48:10', 'd9772780', 'y'),
(63, '管理員將您的權限調整為永久停權，即時生效，有問題可以至客戶提問進行申訴。', 1, '2011-11-14 01:14:38', 'D9728759', 'y'),
(64, '管理員將您的權限調整為停權三天，即時生效，有問題可以至客戶提問進行申訴。', 1, '2011-11-14 01:14:52', 'D9728759', 'y'),
(65, '管理員將您的權限調整為正常，即時生效，有問題可以至客戶提問進行申訴。', 1, '2011-11-14 01:15:18', 'D9728759', 'y'),
(66, '您在《計算機結構: 入門啟示錄》的留言已成功!。', 3, '2011-11-14 22:36:15', 'd9728419', 'y'),
(67, '您在《計算機結構: 入門啟示錄》有新留言。', 3, '2011-11-14 22:36:15', 'd9772780', 'y'),
(68, '您所登錄的前進 Android Market！Google Android SDK 實戰演練已被管理員取消。', 2, '2011-11-15 00:06:29', 'd9728419', 'y'),
(69, '您所販賣的前進 Android Market！Google Android SDK 實戰演練已經可以前來取款。', 2, '2011-11-15 00:11:54', 'd9728419', 'y'),
(70, '您販賣的Eclipse 完全攻略－從基礎 JAVA 到 PDE 外掛開發已取消刊登。', 3, '2011-11-15 00:42:07', 'd9728419', 'y'),
(71, '管理員已經回覆了您的提問，請至您的信箱收信。', 1, '2011-11-15 04:07:20', 'd9728419', 'y'),
(72, '您已成功販賣80X86組合語言(第三版)，請至會員中心查看，並在期限內到聯合中心繳書!', 2, '2011-11-15 07:49:58', 'D9728759', 'y'),
(73, '您已成功販賣80X86 MASM 6.X組合語言實務，請至會員中心查看，並在期限內到聯合中心繳書!', 2, '2011-11-15 07:58:31', 'D9728759', 'y'),
(74, '您所登錄的80X86 MASM 6.X組合語言實務已經上架成功。', 2, '2011-11-15 08:06:06', 'D9728759', 'y'),
(75, '您所登錄的80X86組合語言(第三版)已經上架成功。', 2, '2011-11-15 08:06:22', 'D9728759', 'y'),
(76, '您已成功下標跟 Adobe 徹底研究 Dreamweaver 5.5 行動裝置設計與開發 : 使用 jQuery、HTML5、CSS3 !請盡速至聯合中心繳款。', 2, '2011-11-15 09:40:06', 'D9728759', 'y'),
(77, '您所販賣的跟 Adobe 徹底研究 Dreamweaver 5.5 行動裝置設計與開發 : 使用 jQuery、HTML5、CSS3 已經可以前來取款。', 2, '2011-11-15 09:45:12', 'd9728419', 'y'),
(78, '您所購買的跟 Adobe 徹底研究 Dreamweaver 5.5 行動裝置設計與開發 : 使用 jQuery、HTML5、CSS3 已經付款成功。', 2, '2011-11-15 09:46:32', 'D9728759', 'y'),
(79, '您已成功販賣演算法概論，請至會員中心查看，並在期限內到聯合中心繳書!', 2, '2011-11-16 00:37:55', 'D9728759', 'y'),
(80, '您已成功販賣人機介面圖形監控 修訂三版，請至會員中心查看，並在期限內到聯合中心繳書!', 2, '2011-11-16 00:39:47', 'D9728759', 'y'),
(81, '您已成功販賣Linear Algebra with Applications 第三版 線性代數的應用，請至會員中心查看，並在期限內到聯合中心繳書!', 2, '2011-11-16 00:41:58', 'D9728759', 'y'),
(82, '您已成功販賣Dreamweaver8 魔法書 中文版，請至會員中心查看，並在期限內到聯合中心繳書!', 2, '2011-11-16 00:43:26', 'D9728759', 'y'),
(83, '您已成功下標《計算機結構: 入門啟示錄》!請盡速至聯合中心繳款。', 2, '2011-11-16 22:00:04', 'D9728759', 'y'),
(86, '您販賣的資料探勘 (Data Mining) 已取消刊登。', 3, '2011-11-16 22:25:30', 'D9728759', 'y'),
(87, '您重新刊登資料探勘 (Data Mining) 的申請已經成功送出。', 1, '2011-11-16 22:37:52', 'D9728759', 'y'),
(88, '您申請重新刊登資料探勘 (Data Mining) 的要求被拒絕，請檢查書籍內容是否有誤，有問題可用客戶提問。', 2, '2011-11-16 22:37:59', 'D9728759', 'y'),
(89, '提問成功，您的問題我們會盡快回覆您，謝謝!', 1, '2011-11-17 01:49:05', 'D9728759', 'y'),
(90, '您所登錄的Dreamweaver8 魔法書 中文版已經上架成功。', 2, '2011-11-17 02:52:42', 'D9728759', 'y'),
(91, '您所登錄的演算法概論已經上架成功。', 2, '2011-11-17 02:52:56', 'D9728759', 'y'),
(92, '您所登錄的人機介面圖形監控 修訂三版已經上架成功。', 2, '2011-11-17 02:53:10', 'D9728759', 'y'),
(93, '您已成功下標人機介面圖形監控 修訂三版!請盡速至聯合中心繳款。', 2, '2011-11-17 02:55:25', 'd9728419', 'y'),
(94, '您所販賣的人機介面圖形監控 修訂三版已經可以前來取款。', 2, '2011-11-17 02:55:58', 'D9728759', 'y'),
(95, '管理員將您的權限調整為停權七天，即時生效，有問題可以至客戶提問進行申訴。', 1, '2011-11-17 03:29:47', 'D123456', 'n'),
(96, '您重新刊登基礎統計學│三版│BASIC STATISTICS│二手│附光碟的申請已經成功送出。', 1, '2011-11-17 07:18:53', 'd9772780', 'y'),
(97, '您申請重新刊登的基礎統計學│三版│BASIC STATISTICS│二手│附光碟已經上架成功。', 2, '2011-11-17 07:20:32', 'd9772780', 'y'),
(98, '您販賣的基礎統計學│三版│BASIC STATISTICS│二手│附光碟已取消刊登。', 3, '2011-11-17 07:20:48', 'd9772780', 'y'),
(99, '您販賣的基礎統計學│三版│BASIC STATISTICS│二手│附光碟已取消刊登。', 3, '2011-11-17 07:21:45', 'd9772780', 'y'),
(100, '您重新刊登基礎統計學│三版│BASIC STATISTICS│二手│附光碟的申請已經成功送出。', 1, '2011-11-17 07:21:50', 'd9772780', 'y'),
(101, '管理員已經回覆了您的提問，請至您的信箱收信。', 1, '2011-11-17 07:22:02', 'd9772780', 'y'),
(102, '您申請重新刊登的基礎統計學│三版│BASIC STATISTICS│二手│附光碟已經上架成功。', 2, '2011-11-17 07:23:02', 'd9772780', 'y'),
(103, '您重新刊登資料探勘 (Data Mining) 的申請已經成功送出。', 1, '2011-11-17 07:25:33', 'D9728759', 'y'),
(104, '您已成功下標80X86組合語言(第三版)!請盡速至聯合中心繳款。', 2, '2011-11-17 08:25:51', 'd9772780', 'y'),
(105, '您所販賣的資料結構-使用C語言(增訂版)(附光碟)已經過期，請至聯合服務中心處理。', 2, '2011-11-21 07:17:29', 'd9772780', 'y'),
(106, '您已成功下標基礎統計學│三版│BASIC STATISTICS│二手│附光碟!請盡速至聯合中心繳款。', 2, '2011-11-21 07:34:57', 'D9728759', 'y'),
(107, '管理員將您的權限調整為停權三天，即時生效，有問題可以至客戶提問進行申訴。', 1, '2011-11-21 07:51:47', 'd9772729', 'n'),
(108, '管理員將您的權限調整為正常，即時生效，有問題可以至客戶提問進行申訴。', 1, '2011-11-21 07:57:37', 'd9772729', 'n'),
(109, '您已成功下標Eclipse 完全攻略－從基礎 JAVA 到 PDE 外掛開發!請盡速至聯合中心繳款。', 2, '2011-11-23 08:22:49', 'D9728759', 'y'),
(110, '您販賣的80X86 MASM 6.X組合語言實務已取消刊登。', 3, '2011-11-26 03:05:24', 'D9728759', 'y'),
(111, '您所登錄的資料探勘 (Data Mining) 已被管理員取消。', 2, '2011-11-26 03:06:06', 'D9728759', 'y'),
(112, '您所登錄的Linear Algebra with Applications 第三版 線性代數的應用已經逾期未繳書，此筆交易已刪除。', 2, '2011-11-26 03:30:47', 'D9728759', 'y'),
(113, '管理員將您的權限調整為停權三天，即時生效，有問題可以至客戶提問進行申訴。', 1, '2011-11-26 04:14:06', 'd9772729', 'n'),
(114, '管理員將您的權限調整為停權三天，即時生效，有問題可以至客戶提問進行申訴。', 1, '2011-11-26 06:46:15', 'd9772780', 'y'),
(115, '管理員將您的權限調整為正常，即時生效，有問題可以至客戶提問進行申訴。', 1, '2011-11-26 06:50:53', 'd9772780', 'y'),
(116, '您在演算法概論的留言已成功!。', 3, '2011-11-26 21:41:14', 'd9728419', 'y'),
(117, '您在演算法概論有新留言。', 3, '2011-11-26 21:41:14', 'D9728759', 'y'),
(118, '您在演算法概論的留言已成功!。', 3, '2011-11-26 21:41:33', 'd9728419', 'y'),
(119, '您在演算法概論有新留言。', 3, '2011-11-26 21:41:33', 'D9728759', 'y'),
(120, '您已成功下標基礎統計學│三版│BASIC STATISTICS│二手│附光碟!請盡速至聯合中心繳款。', 2, '2011-11-26 22:14:57', 'D9728759', 'y'),
(121, '您已成功下標基礎統計學│三版│BASIC STATISTICS│二手│附光碟!請盡速至聯合中心繳款。', 2, '2011-11-26 22:15:18', 'D9728759', 'y'),
(122, '您已成功販賣《微電子學三版 (上/下冊) 》合購，請至會員中心查看，並在期限內到聯合中心繳書!', 2, '2011-11-27 07:51:51', 'd9772780', 'y'),
(123, '您所登錄的《微電子學三版 (上/下冊) 》合購已經逾期未繳書，此筆交易已刪除。', 2, '2011-11-27 07:51:51', 'd9772780', 'y'),
(124, '您已成功販賣sdfg，請至會員中心查看，並在期限內到聯合中心繳書!', 2, '2011-11-27 07:55:39', 'd9772780', 'y'),
(125, '您所登錄的sdfg已經逾期未繳書，此筆交易已刪除。', 2, '2011-11-27 07:55:39', 'd9772780', 'y'),
(126, '您已成功販賣asdf，請至會員中心查看，並在期限內到聯合中心繳書!', 2, '2011-11-27 08:01:14', 'd9772780', 'y'),
(127, '您販賣的asdf已取消刊登。', 3, '2011-11-27 08:01:56', 'd9772780', 'y'),
(128, '您販賣的asdf所累積的保管費已經超過其本身價值，故已充公。', 2, '2011-11-27 08:01:56', 'd9772780', 'y'),
(129, '您已成功販賣《微電子學三版 (上/下冊) 》合購，請至會員中心查看，並在期限內到聯合中心繳書!', 2, '2011-11-27 09:10:14', 'd9772780', 'y'),
(130, '您已成功販賣《微積分 精華版(附解答集)》，請至會員中心查看，並在期限內到聯合中心繳書!', 2, '2011-11-27 09:12:44', 'd9772780', 'y'),
(131, '您已成功販賣《大學國文選》，請至會員中心查看，並在期限內到聯合中心繳書!', 2, '2011-11-27 09:15:58', 'd9772780', 'y'),
(132, '您已成功販賣《物件導向系統分析與設計－結合 MDA 與 UML, 3/e》，請至會員中心查看，並在期限內到聯合中心繳書!', 2, '2011-11-27 09:18:43', 'd9772780', 'y'),
(133, '您所登錄的《物件導向系統分析與設計－結合 MDA 與 UML, 3/e》已經上架成功。', 2, '2011-11-27 09:19:45', 'd9772780', 'y'),
(134, '您所登錄的《微積分 精華版(附解答集)》已經上架成功。', 2, '2011-11-27 09:19:52', 'd9772780', 'y'),
(135, '您所登錄的《微電子學三版 (上/下冊) 》合購已經上架成功。', 2, '2011-11-27 09:20:01', 'd9772780', 'y'),
(136, '您所購買的《計算機結構: 入門啟示錄》已經逾期未付款，系統已將您停權三天。', 2, '2011-11-27 09:28:45', 'D9728759', 'n'),
(137, '您所購買的Eclipse 完全攻略－從基礎 JAVA 到 PDE 外掛開發已經逾期未付款，系統已將您停權三天。', 2, '2011-11-27 09:28:45', 'D9728759', 'n'),
(138, '您所購買的80X86組合語言(第三版)已經逾期未付款，系統已將您停權三天。', 2, '2011-11-27 09:28:45', 'd9772780', 'y'),
(139, '您已成功販賣PHP 與 MySQL 網站規劃管理應用，請至會員中心查看，並在期限內到聯合中心繳書!', 2, '2011-11-27 09:34:42', 'd9728419', 'y'),
(140, '您所登錄的PHP 與 MySQL 網站規劃管理應用已經上架成功。', 2, '2011-11-27 09:35:06', 'd9728419', 'y'),
(141, '您已成功販賣我們的經濟出了什麼問題 ?，請至會員中心查看，並在期限內到聯合中心繳書!', 2, '2011-11-27 09:39:46', 'd9728419', 'y'),
(142, '您所購買的人機介面圖形監控 修訂三版已經付款成功。', 2, '2011-11-27 09:40:38', 'd9728419', 'y'),
(143, '您已成功販賣丙級電腦輔助立體製圖術科通關寶典 (2011 最新版)，請至會員中心查看，並在期限內到聯合中心繳書!', 2, '2011-11-27 09:54:20', 'd9728419', 'y'),
(144, '您所登錄的我們的經濟出了什麼問題 ?已經上架成功。', 2, '2011-11-27 09:54:55', 'd9728419', 'y'),
(145, '您販賣的我們的經濟出了什麼問題 ?已取消刊登。', 3, '2011-11-27 09:55:06', 'd9728419', 'y'),
(146, '您販賣的我們的經濟出了什麼問題 ?已取消刊登。', 3, '2011-11-27 09:55:17', 'd9728419', 'y'),
(147, '您已成功販賣深入淺出 Python (Head First Python)，請至會員中心查看，並在期限內到聯合中心繳書!', 2, '2011-11-27 10:00:26', 'd9728419', 'y'),
(148, '您所登錄的深入淺出 Python (Head First Python)已經上架成功。', 2, '2011-11-27 10:00:40', 'd9728419', 'y');

-- --------------------------------------------------------

--
-- 表的結構 `remind_type`
--

CREATE TABLE IF NOT EXISTS `remind_type` (
  `remind_type_no` int(10) unsigned NOT NULL AUTO_INCREMENT,
  `type_name` varchar(32) NOT NULL,
  PRIMARY KEY (`remind_type_no`)
) ENGINE=MyISAM  DEFAULT CHARSET=utf8 AUTO_INCREMENT=4 ;

--
-- 轉存資料表中的資料 `remind_type`
--

INSERT INTO `remind_type` (`remind_type_no`, `type_name`) VALUES
(1, '系統'),
(2, '交易'),
(3, '留言');

-- --------------------------------------------------------

--
-- 表的結構 `request`
--

CREATE TABLE IF NOT EXISTS `request` (
  `request_no` int(100) NOT NULL AUTO_INCREMENT,
  `request_time` datetime NOT NULL,
  `book_no` int(100) NOT NULL,
  `seller` varchar(10) NOT NULL,
  `reply` enum('y','n') NOT NULL DEFAULT 'n',
  PRIMARY KEY (`request_no`)
) ENGINE=MyISAM  DEFAULT CHARSET=latin1 AUTO_INCREMENT=12 ;

--
-- 轉存資料表中的資料 `request`
--

INSERT INTO `request` (`request_no`, `request_time`, `book_no`, `seller`, `reply`) VALUES
(3, '2011-11-06 09:26:51', 11, 'd9728419', 'y'),
(4, '2011-11-06 10:53:15', 2, 'd9772780', 'y'),
(7, '2011-11-09 10:01:02', 10, 'd9728419', 'y'),
(8, '2011-11-16 22:37:52', 19, 'D9728759', 'y'),
(9, '2011-11-17 07:18:53', 9, 'd9772780', 'y'),
(10, '2011-11-17 07:21:50', 9, 'd9772780', 'y'),
(11, '2011-11-17 07:25:33', 19, 'D9728759', 'n');

-- --------------------------------------------------------

--
-- 表的結構 `trace`
--

CREATE TABLE IF NOT EXISTS `trace` (
  `trace_no` int(100) unsigned NOT NULL AUTO_INCREMENT,
  `member_id` varchar(16) NOT NULL,
  `book_no` int(10) unsigned NOT NULL,
  PRIMARY KEY (`trace_no`)
) ENGINE=MyISAM  DEFAULT CHARSET=utf8 AUTO_INCREMENT=7 ;

--
-- 轉存資料表中的資料 `trace`
--

INSERT INTO `trace` (`trace_no`, `member_id`, `book_no`) VALUES
(1, 'd9772780', 6),
(2, 'D9927425', 11),
(3, 'd9772780', 11),
(4, 'd9772780', 10),
(5, 'D9728759', 2),
(6, 'd9772780', 13);

/*!40101 SET CHARACTER_SET_CLIENT=@OLD_CHARACTER_SET_CLIENT */;
/*!40101 SET CHARACTER_SET_RESULTS=@OLD_CHARACTER_SET_RESULTS */;
/*!40101 SET COLLATION_CONNECTION=@OLD_COLLATION_CONNECTION */;
